<?xml version="1.0"?>
<!--
/**
 * @category   Ktpl
 * @package    Ktpl_RequestForQuote
 */
 -->
<config xmlns:xsi="http://www.w3.org/2001/XMLSchema-instance" xsi:noNamespaceSchemaLocation="urn:magento:framework:ObjectManager/etc/config.xsd">
	<virtualType name="KtplRequestForQuoteGridFilterPool" type="Magento\Framework\View\Element\UiComponent\DataProvider\FilterPool">
		<arguments>
			<argument name="appliers" xsi:type="array">
				<item name="regular" xsi:type="object">Magento\Framework\View\Element\UiComponent\DataProvider\RegularFilter</item>
				<item name="fulltext" xsi:type="object">Magento\Framework\View\Element\UiComponent\DataProvider\FulltextFilter</item>
			</argument>
		</arguments>
	</virtualType>
	<virtualType name="KtplRequestForQuoteGridDataProvider" type="Magento\Framework\View\Element\UiComponent\DataProvider\DataProvider">
		<arguments>
			<argument name="collection" xsi:type="object" shared="false">Ktpl\RequestForQuote\Model\ResourceModel\RequestForQuote\Collection</argument>
			<argument name="filterPool" xsi:type="object" shared="false">KtplRequestForQuoteGridFilterPool</argument>
		</arguments>
	</virtualType>
	<virtualType name="Ktpl\RequestForQuote\Model\ResourceModel\RequestForQuote\Grid\Collection" type="Magento\Framework\View\Element\UiComponent\DataProvider\SearchResult">
		<arguments>
			<argument name="mainTable" xsi:type="string">ktpl_requestforquote</argument>
			<argument name="resourceModel" xsi:type="string">Ktpl\RequestForQuote\Model\ResourceModel\RequestForQuote</argument>
		</arguments>
	</virtualType>
	<type name="Magento\Framework\View\Element\UiComponent\DataProvider\CollectionFactory">
		<arguments>
			<argument name="collections" xsi:type="array">
				<item name="ktpl_requestforquote_index_listing_data_source" xsi:type="string">Ktpl\RequestForQuote\Model\ResourceModel\RequestForQuote\Grid\Collection</item>
			</argument>
		</arguments>
	</type>
</config>