<?xml version="1.0"?>
<config xmlns:xsi="http://www.w3.org/2001/XMLSchema-instance" xsi:noNamespaceSchemaLocation="../../../../Magento/Backend/etc/system_file.xsd">
    <system>
        <tab id="ktpl" translate="label" sortOrder="500">
            <label>KTPL</label>
        </tab>         
        <section id="credit_limit" translate="label" type="text" sortOrder="1" showInDefault="1" showInWebsite="1" showInStore="1">
            <label>Customer Credit Limit</label>
            <tab>ktpl</tab>
            <resource>Ktpl_CustomerCredit::configurations</resource>
            <group id="creditlimit_settings" translate="label" type="text" sortOrder="1" showInDefault="1" showInWebsite="1" showInStore="1">
                <label>Customer Credit Limit</label>
                <field id="enable" translate="label" type="select" sortOrder="1" showInDefault="1" showInWebsite="1" showInStore="1">
                    <label>Enable Customer Credit Limit Option</label>
                    <source_model>Magento\Config\Model\Config\Source\Yesno</source_model>
                </field>
            </group>
        </section>
        <section id="payment">
                <group id="payonaccount" translate="label" sortOrder="2" showInDefault="1" showInWebsite="1" showInStore="1">
                    <label>Pay By Credit Amount</label>
                    <field id="active" translate="label comment" sortOrder="1" type="select" showInDefault="1" showInWebsite="1" showInStore="1">
                        <label>Enable</label>
                        <source_model>Magento\Config\Model\Config\Source\Yesno</source_model>
                    </field>
                    <field id="title" translate="label" type="text" sortOrder="2" showInDefault="1" showInWebsite="1" showInStore="1">
                        <label>Title</label>
                        <comment>
                        <![CDATA[
                            This appears at the checkout page during payment.
                        ]]>
                    </comment>
                    </field>
                    <field id="order_status" translate="label" type="select" sortOrder="3" showInDefault="1" showInWebsite="1" canRestore="1">
                    <label>New Order Status</label>
                    <source_model>Ktpl\CustomerCredit\Model\Source\Paymentaction</source_model>
                   </field>
                </group>
        </section>
    </system>
</config>
