<?xml version="1.0"?>
<!--
/**
 * @category   Ktpl
 * @package    Ktpl_CustomerCredit
 */
 -->
<config xmlns:xsi="http://www.w3.org/2001/XMLSchema-instance" xsi:noNamespaceSchemaLocation="urn:magento:framework:ObjectManager/etc/config.xsd">
	<virtualType name="KtplCustomerCreditGridFilterPool" type="Magento\Framework\View\Element\UiComponent\DataProvider\FilterPool">
		<arguments>
			<argument name="appliers" xsi:type="array">
				<item name="regular" xsi:type="object">Magento\Framework\View\Element\UiComponent\DataProvider\RegularFilter</item>
				<item name="fulltext" xsi:type="object">Magento\Framework\View\Element\UiComponent\DataProvider\FulltextFilter</item>
			</argument>
		</arguments>
	</virtualType>
	<virtualType name="KtplCustomerCreditGridDataProvider" type="Magento\Framework\View\Element\UiComponent\DataProvider\DataProvider">
		<arguments>
			<argument name="collection" xsi:type="object" shared="false">Ktpl\CustomerCredit\Model\ResourceModel\CustomerCredit\Collection</argument>
			<argument name="filterPool" xsi:type="object" shared="false">KtplCustomerCreditGridFilterPool</argument>
		</arguments>
	</virtualType>
	<virtualType name="Ktpl\CustomerCredit\Model\ResourceModel\CustomerCredit\Grid\Collection" type="Magento\Framework\View\Element\UiComponent\DataProvider\SearchResult">
		<arguments>
			<argument name="mainTable" xsi:type="string">credit_limit</argument>
			<argument name="resourceModel" xsi:type="string">Ktpl\CustomerCredit\Model\ResourceModel\CustomerCredit</argument>
		</arguments>
	</virtualType>
	<virtualType name="Ktpl\CustomerCredit\Model\ResourceModel\Creditlimitreport\Grid\Collection" type="Magento\Framework\View\Element\UiComponent\DataProvider\SearchResult">
		<arguments>
			<argument name="mainTable" xsi:type="string">credit_limit_report</argument>
			<argument name="resourceModel" xsi:type="string">Ktpl\CustomerCredit\Model\ResourceModel\Creditlimitreport</argument>
		</arguments>
	</virtualType>
	<type name="Magento\Framework\View\Element\UiComponent\DataProvider\CollectionFactory">
		<arguments>
			<argument name="collections" xsi:type="array">
				<item name="ktpl_customercredit_index_listing_data_source" xsi:type="string">Ktpl\CustomerCredit\Model\ResourceModel\CustomerCredit\Grid\Collection</item>
				<item name="credit_limit_grid_data_source" xsi:type="string">Ktpl\CustomerCredit\Model\ResourceModel\Creditlimitreport\Grid\Collection</item>
			</argument>
		</arguments>
	</type>
</config>