<?xml version="1.0"?>
<config xmlns:xsi="http://www.w3.org/2001/XMLSchema-instance" xsi:noNamespaceSchemaLocation="urn:magento:module:Magento_Config:etc/system_file.xsd">
    <system>
        <tab id="ktpl" translate="label" sortOrder="500">
            <label>Ktpl RequestForQuote</label>
        </tab>
        <section id="ktpl_config" translate="label" sortOrder="1" showInStore="1" showInWebsite="1" showInDefault="1">
            <class>separator-top</class>
            <label>RequestForQuote</label>
            <tab>ktpl</tab>
            <resource>Ktpl_RequestForQuote::config_requestforquote</resource>
            <group id="general" translate="label" type="text" sortOrder="1" showInDefault="1" showInWebsite="1" showInStore="1">
                <label>General Configuration</label>
                <field id="enable" translate="label" type="select" sortOrder="1" showInDefault="1" showInWebsite="1" showInStore="1">
                    <label>Enable</label>
                    <source_model>Magento\Config\Model\Config\Source\Yesno</source_model>
                </field>
            </group>
            <group id="advance" translate="label" type="text" sortOrder="1" showInDefault="1" showInWebsite="1" showInStore="1">
                <label>Advance Configuration</label>
				<field id="inquiry_form_title" translate="label" type="text" sortOrder="2" showInDefault="1" showInWebsite="1" showInStore="1">
                    <label>Inquiry Form Title</label>
                </field>
				<field id="inquiry_form_submit_btn_txt" translate="label" type="text" sortOrder="3" showInDefault="1" showInWebsite="1" showInStore="1">
                    <label>Inquiry Form Submit Button Txt</label>
                </field>
				<field id="button_txt" translate="label" type="text" sortOrder="4" showInDefault="1" showInWebsite="1" showInStore="1">
                    <label>Popup Button Text</label>
                </field>
				<field id="sender_name" translate="label" type="text" sortOrder="5" showInDefault="1" showInWebsite="1" showInStore="1">
                    <label>Sender Name</label>
                </field>
				<field id="sender_email" translate="label" type="text" sortOrder="6" showInDefault="1" showInWebsite="1" showInStore="1">
                    <label>Sender Email</label>
                </field>
                <field id="contact_txt" translate="label" type="text" sortOrder="7" showInDefault="1" showInWebsite="1" showInStore="1">
                    <label>Contact Text</label>
                </field>
				<field id="contact_no" translate="label" type="text" sortOrder="8" showInDefault="1" showInWebsite="1" showInStore="1">
                    <label>Contact Number</label>
                </field>
            </group>
        </section>
    </system>
</config>
